<resources>
    <string name="app_name">Metting </string>
    <!-- TODO: Remove or change this placeholder text -->
    <string name="home_fragment">Home Fragment</string>
    <string name="sport_fragment">Sport Fragment</string>
    <string name="movie_fragment">Movie Fragment</string>
    <string name="fullname">Full Name</string>
    <string name="email">Email Id</string>
    <string name="mob">Mobile Number</string>
    <string name="loc">Location</string>
    <string name="password">Password</string>
    <string name="cpassword">Confirm Password</string>
    <string name="singup">Sign Up</string>
    <string name="login">Login</string>

    <!-- TODO: Remove or change this placeholder text -->
    <string name="hello_blank_fragment">Hello blank fragment</string>
    <string name="member">Member: </string>
    <string name="memberName">memberName</string>
    <string name="status">Status:</string>
    <string name="cancel">Cancel</string>
    <string name="reScheduled_event_details">Re-Scheduled Event Details</string>
    <string name="update">Update</string>
</resources>
