<resources>

    <!-- Base application theme. -->
    <style name="AppTheme" parent="Theme.AppCompat.Light.NoActionBar">
        <!-- Customize your theme here. -->
        <item name="colorPrimary">@color/colorPrimary</item>
        <item name="colorPrimaryDark">@color/colorPrimaryDark</item>
        <item name="colorAccent">@color/colorAccent</item>
    </style>
    <style name="DefaultButtonText">
        <item name="android:layout_width">fill_parent</item>
        <item name="android:layout_height">wrap_content</item>
        <item name="android:textColor">#505050</item>
        <item name="android:gravity">center</item>
        <item name="android:layout_margin">3dp</item>
        <item name="android:textStyle">normal</item>
        <item name="android:textSize">20sp</item>
        <item name="android:shadowColor">#f9f9f9</item>
        <item name="android:shadowDx">1</item>
        <item name="android:shadowDy">1</item>
        <item name="android:shadowRadius">1</item>
    </style>


</resources>
